id,condition,can.mitigate,flagged,list_key,list_content,comment_key,comment_content,rank,mms_compat,human_code,human_comment
2,1,1,0,list.cause,greenhouse gases,list.cause.comment,,1,1,13,
2,1,1,0,list.cause,carbon monoxide,list.cause.comment,,2,1,12,"Participant could be talking about cars, but classified this more generally under 'air pollution'"
2,1,1,0,list.cause,humans,list.cause.comment,,3,1,14,
3,1,1,0,list.cause,natural cycle,list.cause.comment,no,1,1,15,
3,1,1,0,list.cause,"human contribution,,,,burning of wood and coal",list.cause.comment,no,2,1,"14,16,10",
3,1,1,0,list.cause,pollutants from industry,list.cause.comment,no,3,1,31,
4,1,1,0,list.cause,hole in ozone layer caused by,list.cause.comment,no,1,1,7,
4,1,1,0,list.cause,use of fossil fuels,list.cause.comment,no,2,1,17,
4,1,1,0,list.cause,decreasing forests,list.cause.comment,no,3,1,18,
4,1,1,0,list.cause,pollution,list.cause.comment,no,4,1,31,
5,2,2,0,list.cause,do not know,list.cause.comment,do not know,1,1,0,
6,1,1,0,list.cause,to many cows causing too much methane,list.cause.comment,na,1,1,"4,19",
7,1,1,0,list.cause,fossil fuels,list.cause.comment,,1,1,17,
7,1,1,0,list.cause,carbon dioxide,list.cause.comment,,2,1,1,
8,1,1,0,list.cause,Air pollution,list.cause.comment,,1,1,12,
8,1,1,0,list.cause,Deforestation,list.cause.comment,,2,1,18,
8,1,1,0,list.cause,farming,list.cause.comment,,3,1,20,
8,1,1,0,list.cause,Fossil Fuel,list.cause.comment,,4,1,17,
9,2,3,0,list.cause,pollution,list.cause.comment,none,1,1,31,
9,2,3,0,list.cause,waste,list.cause.comment,none,2,1,21,
9,2,3,0,list.cause,coal,list.cause.comment,none,3,1,10,
11,1,1,0,list.cause,increasing greenhouse gases,list.cause.comment,no,1,1,13,
12,1,1,0,list.cause,Excessive use of oil,list.cause.comment,Im no scientist but I believe climate change is caused by excess - of a range of things,1,1,10,
12,1,1,0,list.cause,Excessive use of coal,list.cause.comment,Im no scientist but I believe climate change is caused by excess - of a range of things,2,1,10,
12,1,1,0,list.cause,Excessive population (on earth),list.cause.comment,Im no scientist but I believe climate change is caused by excess - of a range of things,3,1,8,
14,1,1,0,list.cause,people,list.cause.comment,nah,1,1,14,
14,1,1,0,list.cause,gasses,list.cause.comment,nah,2,1,22,
14,1,1,0,list.cause,carbon dioxide,list.cause.comment,nah,3,1,1,
15,2,2,0,list.cause,do not know,list.cause.comment,do not know,1,1,0,
16,1,1,0,list.cause,damaged ozone layer,list.cause.comment,I don't think so,1,1,7,
16,1,1,0,list.cause,use of carbon producing fuels,list.cause.comment,I don't think so,2,1,10,
16,1,1,0,list.cause,deforestation,list.cause.comment,I don't think so,3,1,18,
17,1,1,0,list.cause,pollution,list.cause.comment,No,1,1,31,
17,1,1,0,list.cause,deforestation,list.cause.comment,No,2,1,18,
17,1,1,0,list.cause,volcanic eruptions,list.cause.comment,No,3,1,2,
19,2,1,0,list.cause,weather,list.cause.comment,no,1,1,23,
19,2,1,0,list.cause,environment,list.cause.comment,no,2,1,24,
19,2,1,0,list.cause,gas,list.cause.comment,no,3,1,22,
20,2,1,0,list.cause,human impact,list.cause.comment,,1,1,14,
20,2,1,0,list.cause,chemicals,list.cause.comment,,2,1,21,
20,2,1,0,list.cause,methane,list.cause.comment,,3,1,19,
21,1,1,0,list.cause,fossil fuel usage,list.cause.comment,,1,1,17,
21,1,1,0,list.cause,excess use of chemicals that affect the atmosphere,list.cause.comment,,2,1,12,
21,1,1,0,list.cause,cattle farm,list.cause.comment,,3,1,20,
22,1,2,0,list.cause,natural cycle,list.cause.comment,no,1,1,15,
22,1,2,0,list.cause,human interference,list.cause.comment,no,2,1,14,
22,1,2,0,list.cause,high pollutants from developing countries,list.cause.comment,no,3,1,25,
23,2,2,0,list.cause,greenhouse gases,list.cause.comment,no,1,1,13,
23,2,2,0,list.cause,humans,list.cause.comment,no,2,1,14,
23,2,2,0,list.cause,fossil fuels burning into our atmosphere,list.cause.comment,no,3,1,17,
23,2,2,0,list.cause,cutting down trees,list.cause.comment,no,4,1,18,
24,2,2,0,list.cause,temperature,list.cause.comment,no,1,1,26,
24,2,2,0,list.cause,rain,list.cause.comment,no,2,1,27,
24,2,2,0,list.cause,storms,list.cause.comment,no,3,1,28,
25,1,1,0,list.cause,man,list.cause.comment,No,1,1,14,
25,1,1,0,list.cause,industry,list.cause.comment,No,2,1,-1,
26,2,2,0,list.cause,rain,list.cause.comment,no,1,1,27,
26,2,2,0,list.cause,wind,list.cause.comment,no,2,1,29,
26,2,2,0,list.cause,sun,list.cause.comment,no,3,1,30,
27,1,1,0,list.cause,polution,list.cause.comment,none,1,1,31,
27,1,1,0,list.cause,rubbish,list.cause.comment,none,2,1,31,
27,1,1,0,list.cause,population,list.cause.comment,none,3,1,8,
28,1,2,0,list.cause,. high temperatures,list.cause.comment,These points follow each other high temperatures cause lower rainfall which causes drought in parts of the countryside.,1,1,26,Participants note indicates question was misunderstood
28,1,2,0,list.cause,. lack of rainfall,list.cause.comment,These points follow each other high temperatures cause lower rainfall which causes drought in parts of the countryside.,2,1,32,
28,1,2,0,list.cause,. drought,list.cause.comment,These points follow each other high temperatures cause lower rainfall which causes drought in parts of the countryside.,3,1,33,
29,1,1,0,list.cause,Factories,list.cause.comment,"It is mostly our actions and how we are growing into such a developed, needy world where we have to find things like energy fast and it be efficient, but at the cost of a little pollution, but when lots of companies/people do it, it's becoming a bit of an issue.",1,1,34,
29,1,1,0,list.cause,Pollution,list.cause.comment,"It is mostly our actions and how we are growing into such a developed, needy world where we have to find things like energy fast and it be efficient, but at the cost of a little pollution, but when lots of companies/people do it, it's becoming a bit of an issue.",2,1,31,
29,1,1,0,list.cause,Humans,list.cause.comment,"It is mostly our actions and how we are growing into such a developed, needy world where we have to find things like energy fast and it be efficient, but at the cost of a little pollution, but when lots of companies/people do it, it's becoming a bit of an issue.",3,1,14,
30,1,1,0,list.cause,deforestation,list.cause.comment,,1,1,18,
30,1,1,0,list.cause,pollution,list.cause.comment,,2,1,31,
31,1,1,0,list.cause,heat,list.cause.comment,not sure,1,1,26,
31,1,1,0,list.cause,smoke,list.cause.comment,not sure,2,1,35,
31,1,1,0,list.cause,eorosoles,list.cause.comment,not sure,3,1,11,Assuming this is 'aerosols'
32,1,1,0,list.cause,'- Green house gases,list.cause.comment,,1,1,13,
32,1,1,0,list.cause,- Increase of coal burning,list.cause.comment,,2,1,10,
32,1,1,0,list.cause,- Burning of plastics,list.cause.comment,,3,1,36,
33,1,1,0,list.cause,population,list.cause.comment,,1,1,8,
33,1,1,0,list.cause,farming,list.cause.comment,,2,1,20,
33,1,1,0,list.cause,fossil fuels,list.cause.comment,,3,1,17,
34,1,3,0,list.cause,"co2,wind",list.cause.comment,no,1,1,"1,29",
35,1,1,0,list.cause,More cars /vehicle on the road are causing more carbon dioxide,list.cause.comment,,1,1,"9,1",
35,1,1,0,list.cause,Too much coal fired power stations,list.cause.comment,,2,1,10,
36,2,3,0,list.cause,Solar flares,list.cause.comment,,1,1,30,
36,2,3,0,list.cause,Magnetic flux,list.cause.comment,,2,1,37,
36,2,3,0,list.cause,Pole shift,list.cause.comment,,3,1,38,
37,2,2,0,list.cause,car emissions,list.cause.comment,No,1,1,9,
37,2,2,0,list.cause,natural causes,list.cause.comment,No,2,1,15,
37,2,2,0,list.cause,volcanic eruptions,list.cause.comment,No,3,1,2,
38,1,1,0,list.cause,Use of coal as a source of energy,list.cause.comment,"Increased human population = more resources needed to support the population, which adds more pressure onto the factors listed above",1,1,10,
38,1,1,0,list.cause,Gas emissions from transport,list.cause.comment,"Increased human population = more resources needed to support the population, which adds more pressure onto the factors listed above",2,1,9,
38,1,1,0,list.cause,Gas emissions from large factories,list.cause.comment,"Increased human population = more resources needed to support the population, which adds more pressure onto the factors listed above",3,1,31,
38,1,1,0,list.cause,Heavy non-sustainable deforestation,list.cause.comment,"Increased human population = more resources needed to support the population, which adds more pressure onto the factors listed above",4,1,18,
38,1,1,0,list.cause,Increased human population,list.cause.comment,"Increased human population = more resources needed to support the population, which adds more pressure onto the factors listed above",5,1,8,
39,1,1,0,list.cause,Use of plastic and cutting trees,list.cause.comment,None,1,1,"18,39",
40,1,2,0,list.cause,Too much electricity,list.cause.comment,No,1,1,10,
40,1,2,0,list.cause,Too much coal,list.cause.comment,No,2,1,10,
40,1,2,0,list.cause,Too much oil,list.cause.comment,No,3,1,10,
40,1,2,0,list.cause,Destruction of tress/forests,list.cause.comment,No,4,1,18,
41,1,1,0,list.cause,GOVERMENT,list.cause.comment,MAKW,2,1,-1,
42,1,2,0,list.cause,industrial factories,list.cause.comment,not sure,1,1,34,
42,1,2,0,list.cause,cars,list.cause.comment,not sure,2,1,9,
43,1,1,0,list.cause,Greenhouse Gases,list.cause.comment,no thanks,1,1,17,
43,1,1,0,list.cause,Plastics,list.cause.comment,no thanks,2,1,39,
43,1,1,0,list.cause,burning of fossil fuels,list.cause.comment,no thanks,3,1,17,
44,2,2,0,list.cause,natural process of the planet after all there have been periods of warming and cooling before,list.cause.comment,"we as humans have only documented the climate for a couple hundred years, the whole science of climate is a interpertation of whatever statistics they choose to make, and involves a large amount of funding from governments who in turn are creating wealth from taxes from the same science. so in my opinon nothing is proven",1,1,15,
44,2,2,0,list.cause,burning fossil fuels,list.cause.comment,"we as humans have only documented the climate for a couple hundred years, the whole science of climate is a interpertation of whatever statistics they choose to make, and involves a large amount of funding from governments who in turn are creating wealth from taxes from the same science. so in my opinon nothing is proven",2,1,17,
44,2,2,0,list.cause,cutting down trees,list.cause.comment,"we as humans have only documented the climate for a couple hundred years, the whole science of climate is a interpertation of whatever statistics they choose to make, and involves a large amount of funding from governments who in turn are creating wealth from taxes from the same science. so in my opinon nothing is proven",3,1,18,
44,2,2,0,list.cause,larger abundance bio life(whole planetary life forms) in the whole planet,list.cause.comment,"we as humans have only documented the climate for a couple hundred years, the whole science of climate is a interpertation of whatever statistics they choose to make, and involves a large amount of funding from governments who in turn are creating wealth from taxes from the same science. so in my opinon nothing is proven",4,1,40,
44,2,2,0,list.cause,geological process inside the planet,list.cause.comment,"we as humans have only documented the climate for a couple hundred years, the whole science of climate is a interpertation of whatever statistics they choose to make, and involves a large amount of funding from governments who in turn are creating wealth from taxes from the same science. so in my opinon nothing is proven",5,1,42,
44,2,2,0,list.cause,stellar process due to the solar systems place in the whole galaxy/universe,list.cause.comment,"we as humans have only documented the climate for a couple hundred years, the whole science of climate is a interpertation of whatever statistics they choose to make, and involves a large amount of funding from governments who in turn are creating wealth from taxes from the same science. so in my opinon nothing is proven",6,1,41,
44,2,2,0,list.cause,natural way for the earth to rebalance the population of mankind,list.cause.comment,"we as humans have only documented the climate for a couple hundred years, the whole science of climate is a interpertation of whatever statistics they choose to make, and involves a large amount of funding from governments who in turn are creating wealth from taxes from the same science. so in my opinon nothing is proven",7,1,8,
45,2,3,0,list.cause,volcanic eruption,list.cause.comment,the first five are the major ones but then why tell people about them when you can use the minor ones to scare the greens  minorities and simpletons  into action against them,1,1,2,
45,2,3,0,list.cause,bush fires,list.cause.comment,the first five are the major ones but then why tell people about them when you can use the minor ones to scare the greens  minorities and simpletons  into action against them,2,1,43,
45,2,3,0,list.cause,earthquakes,list.cause.comment,the first five are the major ones but then why tell people about them when you can use the minor ones to scare the greens  minorities and simpletons  into action against them,3,1,46,
45,2,3,0,list.cause,floods,list.cause.comment,the first five are the major ones but then why tell people about them when you can use the minor ones to scare the greens  minorities and simpletons  into action against them,4,1,45,
45,2,3,0,list.cause,cyclones,list.cause.comment,the first five are the major ones but then why tell people about them when you can use the minor ones to scare the greens  minorities and simpletons  into action against them,5,1,44,
45,2,3,0,list.cause,fossil fuel,list.cause.comment,the first five are the major ones but then why tell people about them when you can use the minor ones to scare the greens  minorities and simpletons  into action against them,6,1,17,
45,2,3,0,list.cause,"cows, even though they have been roaming the earth since the dawn of time!",list.cause.comment,the first five are the major ones but then why tell people about them when you can use the minor ones to scare the greens  minorities and simpletons  into action against them,7,1,4,
46,1,2,0,list.cause,carbon emissions,list.cause.comment,,1,1,1,
46,1,2,0,list.cause,co2,list.cause.comment,,2,1,1,
46,1,2,0,list.cause,human activity,list.cause.comment,,3,1,14,
46,1,2,0,list.cause,ice cap melting,list.cause.comment,,4,1,47,
46,1,2,0,list.cause,,list.cause.comment,,5,1,-1,
47,1,1,0,list.cause,man,list.cause.comment,,1,1,14,
47,1,1,0,list.cause,nature,list.cause.comment,,2,1,15,
47,1,1,0,list.cause,animals,list.cause.comment,,3,1,48,
48,1,1,0,list.cause,Polution,list.cause.comment,,1,1,31,
48,1,1,0,list.cause,Garbage,list.cause.comment,,2,1,31,
48,1,1,0,list.cause,Airplanes,list.cause.comment,,3,1,49,
49,2,1,0,list.cause,"Just the normal change in the world's climate for instance 10,000 years ago there was a ice age",list.cause.comment,self explanatory,1,1,15,
49,2,1,0,list.cause,"More energy burning fuels being used and heating up the atmosphere, causing holes in the ozone layer and letting more radiation through",list.cause.comment,self explanatory,2,1,"10,7",
49,2,1,0,list.cause,Burning off of forests therefore less trees etc to turn carbon monoxide into oxygen,list.cause.comment,self explanatory,3,1,18,
50,1,1,0,list.cause,air pollution,list.cause.comment,,1,1,12,
50,1,1,0,list.cause,burning coal/ fuel,list.cause.comment,,2,1,10,
50,1,1,0,list.cause,less forrest,list.cause.comment,,3,1,18,
52,1,1,0,list.cause,over grazing of pasture lands,list.cause.comment,coal fired power creates additional pollution,1,1,4,
52,1,1,0,list.cause,deafrestation,list.cause.comment,coal fired power creates additional pollution,2,1,18,
52,1,1,0,list.cause,use of coal for power generation,list.cause.comment,coal fired power creates additional pollution,3,1,10,
53,1,2,0,list.cause,pollution,list.cause.comment,nothing,1,1,31,
53,1,2,0,list.cause,gases,list.cause.comment,nothing,2,1,22,
53,1,2,0,list.cause,cars,list.cause.comment,nothing,3,1,9,
54,1,1,0,list.cause,pollution,list.cause.comment,no comments,1,1,31,
54,1,1,0,list.cause,deforestation,list.cause.comment,no comments,2,1,18,
54,1,1,0,list.cause,changing ecosystem,list.cause.comment,no comments,3,1,50,
55,1,1,0,list.cause,ozone destroying emissions / gasses,list.cause.comment,,1,1,7,
55,1,1,0,list.cause,industry,list.cause.comment,,2,1,34,
55,1,1,0,list.cause,cars,list.cause.comment,,3,1,9,
56,1,1,0,list.cause,"pollution,",list.cause.comment,,1,1,31,
56,1,1,0,list.cause,humans,list.cause.comment,,2,1,14,
57,1,1,0,list.cause,pollution,list.cause.comment,"pollution
sprays
fuels",1,1,31,
57,1,1,0,list.cause,sprays,list.cause.comment,"pollution
sprays
fuels",2,1,22,
57,1,1,0,list.cause,fuels,list.cause.comment,"pollution
sprays
fuels",3,1,10,
58,1,1,0,list.cause,Humans,list.cause.comment,No,1,1,14,
58,1,1,0,list.cause,pollution,list.cause.comment,No,2,1,31,
58,1,1,0,list.cause,factories,list.cause.comment,No,3,1,34,
59,1,2,0,list.cause,"Too much carbon dioxide being produced into the atmosphere which causes the atmosphere to become warmer, in which case affects the melting of the earth`s ice caps.",list.cause.comment,none,1,1,1,
60,2,2,0,list.cause,carbon dioide,list.cause.comment,i believe we are just undergoing a cycle in the universe,1,1,1,
60,2,2,0,list.cause,population growth,list.cause.comment,i believe we are just undergoing a cycle in the universe,2,1,8,
60,2,2,0,list.cause,age of earth,list.cause.comment,i believe we are just undergoing a cycle in the universe,3,1,15,
61,2,3,0,list.cause,Hydro carbon,list.cause.comment,no,1,1,51,
61,2,3,0,list.cause,carbon emissions,list.cause.comment,no,2,1,1,
61,2,3,0,list.cause,decrease of the ozone level,list.cause.comment,no,3,1,7,
62,1,1,0,list.cause,nuclear plants,list.cause.comment,,1,1,5,
62,1,1,0,list.cause,too much usage of natural stuff,list.cause.comment,,2,1,52,
62,1,1,0,list.cause,deforestation,list.cause.comment,,3,1,18,
63,1,1,0,list.cause,industry and burning coal,list.cause.comment,na,1,1,"34,10",
64,1,1,0,list.cause,exhaust gases,list.cause.comment,none,1,1,9,
64,1,1,0,list.cause,animals in farming for meat production,list.cause.comment,none,2,1,4,
64,1,1,0,list.cause,power production using coal,list.cause.comment,none,3,1,10,
64,1,1,0,list.cause,exhaust gases,list.cause.comment,none,4,1,9,
65,1,1,0,list.cause,Greenhouse effect,list.cause.comment,,1,1,53,
65,1,1,0,list.cause,Global warming,list.cause.comment,,2,1,54,
65,1,1,0,list.cause,Fuel Emissions,list.cause.comment,,3,1,10,
66,1,1,0,list.cause,burning of fossil fuels,list.cause.comment,,1,1,17,
66,1,1,0,list.cause,car exhaust fumes,list.cause.comment,,2,1,9,
66,1,1,0,list.cause,aircraft,list.cause.comment,,3,1,49,
67,1,1,0,list.cause,human activity,list.cause.comment,none,1,1,14,
67,1,1,0,list.cause,animal (livestock) gases,list.cause.comment,none,2,1,4,
67,1,1,0,list.cause,pollution,list.cause.comment,none,3,1,31,
68,1,3,0,list.cause,natural occuring,list.cause.comment,I believe humans control the climate on a minor level. Climate change has been occuring since the beginning of time. Human's have a large degree of arrogance to think they can influence the weather to such a degree. They have only been monitering the weathe for a brief time considering how long the earth has been here,1,1,15,
68,1,3,0,list.cause,time,list.cause.comment,I believe humans control the climate on a minor level. Climate change has been occuring since the beginning of time. Human's have a large degree of arrogance to think they can influence the weather to such a degree. They have only been monitering the weathe for a brief time considering how long the earth has been here,2,1,55,
69,2,2,0,list.cause,IDK,list.cause.comment,IDK,1,1,0,
69,2,2,0,list.cause,IDK,list.cause.comment,IDK,2,1,0,
69,2,2,0,list.cause,IDK,list.cause.comment,IDK,3,1,0,
70,1,2,0,list.cause,people,list.cause.comment,environment,1,1,14,
71,1,1,0,list.cause,carbon pollution in the atmosphere,list.cause.comment,"generally CO2 causes climate change, the sources vary but are largely due to the use of fossil fuels or large scale agriculture",1,1,1,"Inferred from survey results, CO2 was rated as a major cause, and participant claimed the scale required no changes"
71,1,1,0,list.cause,overuse of fossil fuels,list.cause.comment,"generally CO2 causes climate change, the sources vary but are largely due to the use of fossil fuels or large scale agriculture",2,1,17,
71,1,1,0,list.cause,agriculture producinging large amounts of emmissions,list.cause.comment,"generally CO2 causes climate change, the sources vary but are largely due to the use of fossil fuels or large scale agriculture",3,1,20,
72,1,1,0,list.cause,adani coal mine,list.cause.comment,,1,1,56,
72,1,1,0,list.cause,burning fossil fuels,list.cause.comment,,2,1,17,
72,1,1,0,list.cause,pollution,list.cause.comment,,3,1,31,
73,2,2,0,list.cause,"The Earth has and is changing all the time, for all it's life that we know and will continue to do so until Earth dies!",list.cause.comment,"I am not a ""full"" believer in all the hype that is blaming human kind for what is happening now.",1,1,15,
73,2,2,0,list.cause,Destroying the worlds forests,list.cause.comment,"I am not a ""full"" believer in all the hype that is blaming human kind for what is happening now.",2,1,18,
73,2,2,0,list.cause,,list.cause.comment,"I am not a ""full"" believer in all the hype that is blaming human kind for what is happening now.",3,1,-1,
74,1,1,0,list.cause,Impacts from the heating/cooling cycle of the Sun,list.cause.comment,,1,1,30,
74,1,1,0,list.cause,Increase in world population,list.cause.comment,,2,1,8,
74,1,1,0,list.cause,"Greenhouse effect - Methane, CO2, Nitrous Oxide and CFC's",list.cause.comment,,3,1,"13,53",
74,1,1,0,list.cause,"Human activities such as mining, manufacturing, farming etc. increasing greenhouse effect",list.cause.comment,,4,1,"14,56,34,20,53",
74,1,1,0,list.cause,,list.cause.comment,,5,1,-1,
74,1,1,0,list.cause,,list.cause.comment,,6,1,-1,
75,1,1,0,list.cause,pollution,list.cause.comment,global warming,1,1,31,
76,1,1,0,list.cause,greenhouse gases,list.cause.comment,its a balance of people and nature,1,1,13,
76,1,1,0,list.cause,ice melting,list.cause.comment,its a balance of people and nature,2,1,47,
76,1,1,0,list.cause,more population,list.cause.comment,its a balance of people and nature,3,1,8,
77,1,2,0,list.cause,nature,list.cause.comment,"I have listed time as one of the causes, however, I don't really believe that it is a cause - rather something that happens over time.",1,1,50,
77,1,2,0,list.cause,cyclical weather patterns,list.cause.comment,"I have listed time as one of the causes, however, I don't really believe that it is a cause - rather something that happens over time.",2,1,15,
77,1,2,0,list.cause,time,list.cause.comment,"I have listed time as one of the causes, however, I don't really believe that it is a cause - rather something that happens over time.",3,1,55,
78,1,2,0,list.cause,Emissions from coal.,list.cause.comment,"Maybe more renewables would be good but need some coal.
Car Pooling or the like as electric are too expensive.
Keep more green spaces",1,1,10,
78,1,2,0,list.cause,Too many cars and trucks.,list.cause.comment,"Maybe more renewables would be good but need some coal.
Car Pooling or the like as electric are too expensive.
Keep more green spaces",2,1,9,
78,1,2,0,list.cause,Trees,list.cause.comment,"Maybe more renewables would be good but need some coal.
Car Pooling or the like as electric are too expensive.
Keep more green spaces",3,1,18,"Comment of ""Keep more green spaces"" implies lack of trees is the cause of climate change"
79,1,2,0,list.cause,heat,list.cause.comment,,1,1,26,
79,1,2,0,list.cause,rain,list.cause.comment,,2,1,27,
79,1,2,0,list.cause,floods,list.cause.comment,,3,1,45,
80,2,1,0,list.cause,CO2 emissions,list.cause.comment,,1,1,1,
80,2,1,0,list.cause,Forest Clearing,list.cause.comment,,2,1,18,
80,2,1,0,list.cause,Farming sheep,list.cause.comment,,3,1,4,
80,2,1,0,list.cause,Pollution,list.cause.comment,,4,1,31,
82,2,2,0,list.cause,pollution,list.cause.comment,,1,1,31,
82,2,2,0,list.cause,chemicals,list.cause.comment,,2,1,31,Interpreted this as pollution
82,2,2,0,list.cause,coal,list.cause.comment,,3,1,10,
83,2,3,0,list.cause,increased tempurature,list.cause.comment,politicians are useless,1,1,26,
83,2,3,0,list.cause,pollution,list.cause.comment,politicians are useless,2,1,31,
83,2,3,0,list.cause,useless politicians,list.cause.comment,politicians are useless,3,1,57,
84,2,2,0,list.cause,anminal wind,list.cause.comment,the fart,1,1,48,
85,1,1,0,list.cause,pollution,list.cause.comment,,1,1,31,
85,1,1,0,list.cause,excess gas emissions,list.cause.comment,,2,1,22,
85,1,1,0,list.cause,use of non-biodegradable material,list.cause.comment,,3,1,39,
86,1,1,0,list.cause,gas emissions,list.cause.comment,,1,1,22,
86,1,1,0,list.cause,pollution,list.cause.comment,,2,1,31,
86,1,1,0,list.cause,use of coal,list.cause.comment,,3,1,10,
86,1,1,0,list.cause,lack of encouragement for renewable energy,list.cause.comment,,4,1,58,
87,1,1,0,list.cause,Pollution,list.cause.comment,No comments,1,1,31,
87,1,1,0,list.cause,electricity,list.cause.comment,No comments,2,1,10,
87,1,1,0,list.cause,fuel,list.cause.comment,No comments,3,1,17,
88,1,1,0,list.cause,carbon monoxide  from cars,list.cause.comment,none,1,1,9,
88,1,1,0,list.cause,methane from cows,list.cause.comment,none,2,1,4,
89,1,1,0,list.cause,CO2,list.cause.comment,No,1,1,1,
89,1,1,0,list.cause,Animals,list.cause.comment,No,2,1,48,
90,1,1,0,list.cause,pollution,list.cause.comment,,1,1,31,
90,1,1,0,list.cause,greenhouse gases,list.cause.comment,,2,1,13,
90,1,1,0,list.cause,industrialization of industry,list.cause.comment,,3,1,34,
90,1,1,0,list.cause,over logging,list.cause.comment,,4,1,18,
90,1,1,0,list.cause,chem trails,list.cause.comment,,5,1,59,
90,1,1,0,list.cause,over fishing,list.cause.comment,,6,1,60,
90,1,1,0,list.cause,"over growth of algae, crown of thorns",list.cause.comment,,7,1,61,
90,1,1,0,list.cause,ocean temperature changes,list.cause.comment,,8,1,26,
90,1,1,0,list.cause,melting of glacier and,list.cause.comment,,9,1,47,
90,1,1,0,list.cause,melting of ice sheets,list.cause.comment,,10,1,47,
1,3,3,0,list.cause,So called extreme weather events,list.cause.comment,"These are normal weather patterns that have been happening since records were taken
",1,0,-1,
1,3,3,0,list.cause,Temperature records,list.cause.comment,"These are normal weather patterns that have been happening since records were taken
",2,0,-1,
1,3,3,0,list.cause,Foods,list.cause.comment,"These are normal weather patterns that have been happening since records were taken
",3,0,-1,
10,3,2,0,list.cause,claimin small changes are linked to something and not random,list.cause.comment,if you are paid to get a specific result you will do that because your job depends on it,1,0,-1,
10,3,2,0,list.cause,they are funded to make that finding,list.cause.comment,if you are paid to get a specific result you will do that because your job depends on it,2,0,-1,
10,3,2,0,list.cause,incorrect logic or bias,list.cause.comment,if you are paid to get a specific result you will do that because your job depends on it,3,0,-1,
18,3,1,0,list.cause,Rising oceans,list.cause.comment,,1,0,-1,
18,3,1,0,list.cause,Melting of the ice caps,list.cause.comment,,2,0,-1,
18,3,1,0,list.cause,"Extreme weather conditions, floods, hurricanes, tornadoes etc.",list.cause.comment,,3,0,-1,
13,2,1,1,list.cause,jgjgj,list.cause.comment,ghghjfg,1,1,-1,
41,1,1,1,list.cause,FUCK,list.cause.comment,MAKW,1,1,-1,
51,1,1,1,list.cause,gnhn,list.cause.comment,hmujyhy,1,1,-1,
81,1,1,1,list.cause,Nothing,list.cause.comment,"nah
nah
nah",1,1,-1,
81,1,1,1,list.cause,Nothing,list.cause.comment,"nah
nah
nah",2,1,-1,
81,1,1,1,list.cause,Nothing,list.cause.comment,"nah
nah
nah",3,1,-1,
2,1,1,0,list.conseq,melting of ice caps in Antarctica,list.conseq.comment,,1,1,12,
2,1,1,0,list.conseq,more dramatic temperature fluctuations,list.conseq.comment,,2,1,13,
2,1,1,0,list.conseq,destruction of the coral reefs (great barrier reef specifically),list.conseq.comment,,3,1,14,
2,1,1,0,list.conseq,more natural disasters,list.conseq.comment,,4,1,15,
3,1,1,0,list.conseq,air quality would fall,list.conseq.comment,no,1,1,16,
3,1,1,0,list.conseq,hotter or cooler weather,list.conseq.comment,no,2,1,13,
4,1,1,0,list.conseq,islands disappear,list.conseq.comment,,1,1,3,
4,1,1,0,list.conseq,sea levels rise,list.conseq.comment,,2,1,17,
4,1,1,0,list.conseq,plants dying,list.conseq.comment,,3,1,18,
4,1,1,0,list.conseq,animal extinctions rising rapidly,list.conseq.comment,,4,1,11,
4,1,1,0,list.conseq,humans eventually not being able to sustain life,list.conseq.comment,,5,1,25,
5,2,2,0,list.conseq,do not know,list.conseq.comment,do not know,1,1,0,
6,1,1,0,list.conseq,the weather becoming to unstable to support life as we know it,list.conseq.comment,,1,1,"25,20,25",
7,1,1,0,list.conseq,loss of animals,list.conseq.comment,,1,1,67,
7,1,1,0,list.conseq,melting polar caps,list.conseq.comment,,2,1,12,
7,1,1,0,list.conseq,extreme weather conditions,list.conseq.comment,,3,1,46,
7,1,1,0,list.conseq,sea levels rising,list.conseq.comment,,4,1,17,
8,1,1,0,list.conseq,Temperature rise,list.conseq.comment,,1,1,22,
9,2,3,0,list.conseq,sea levels will rise,list.conseq.comment,none,1,1,17,
11,1,1,0,list.conseq,extreme temperatures eg heatwaves,list.conseq.comment,,1,1,"46,23",
11,1,1,0,list.conseq,variability in rainfall,list.conseq.comment,,2,1,24,
11,1,1,0,list.conseq,rising sea levels due to thermal expansion,list.conseq.comment,,3,1,17,
11,1,1,0,list.conseq,melting of glaciers and ice sheets,list.conseq.comment,,4,1,12,
11,1,1,0,list.conseq,warming of the ocean surface and water,list.conseq.comment,,5,1,22,
12,1,1,0,list.conseq,Temperature will rise,list.conseq.comment,N/A,1,1,22,
12,1,1,0,list.conseq,Sea levels will rise,list.conseq.comment,N/A,2,1,17,
12,1,1,0,list.conseq,"extreme weather - more and severe droughts, storms etc",list.conseq.comment,N/A,3,1,"46,2,6",
14,1,1,0,list.conseq,people dead,list.conseq.comment,nah,1,1,25,
14,1,1,0,list.conseq,planet very hot,list.conseq.comment,nah,2,1,22,
15,2,2,0,list.conseq,do not know,list.conseq.comment,do not know,1,1,0,
16,1,1,0,list.conseq,sea levels could increase causing low lying areas/islands to become inundated with water,list.conseq.comment,no,1,1,3,
16,1,1,0,list.conseq,plants that can't survive increasing temperatures will die,list.conseq.comment,no,2,1,18,
16,1,1,0,list.conseq,extinctions will escalate dramatically,list.conseq.comment,no,3,1,11,
16,1,1,0,list.conseq,climatic conditions will fluctuate wildly,list.conseq.comment,no,4,1,20,
16,1,1,0,list.conseq,eventually the earth will become deforested and uninhabitable,list.conseq.comment,no,5,1,"25,18,11,",
17,1,1,0,list.conseq,inundation of coastal towns and cities with flood waters,list.conseq.comment,No,1,1,"26,40",
17,1,1,0,list.conseq,increasing ferocity of cyclones,list.conseq.comment,No,2,1,2,Subsumed this under storms
17,1,1,0,list.conseq,bushfires due to rising temperatures,list.conseq.comment,No,3,1,27,
19,2,1,0,list.conseq,idk,list.conseq.comment,no,1,1,0,
19,2,1,0,list.conseq,idk,list.conseq.comment,no,2,1,0,
19,2,1,0,list.conseq,idk,list.conseq.comment,no,3,1,0,
20,2,1,0,list.conseq,rising temperatures,list.conseq.comment,,1,1,22,
21,1,1,0,list.conseq,Loss in biodiversity,list.conseq.comment,,1,1,"18,11",
21,1,1,0,list.conseq,Loss of ice caps,list.conseq.comment,,2,1,12,
21,1,1,0,list.conseq,Rising sea levels,list.conseq.comment,,3,1,17,
21,1,1,0,list.conseq,Increased temperature,list.conseq.comment,,4,1,22,
21,1,1,0,list.conseq,Extreme weather events,list.conseq.comment,,5,1,46,
22,1,2,0,list.conseq,worsening of quality of air to breathe,list.conseq.comment,no,1,1,16,
22,1,2,0,list.conseq,cooler or warmer climates,list.conseq.comment,no,2,1,13,
23,2,2,0,list.conseq,Warmer weather,list.conseq.comment,no,1,1,22,
23,2,2,0,list.conseq,sea level rising,list.conseq.comment,no,2,1,17,
23,2,2,0,list.conseq,droughts,list.conseq.comment,no,3,1,6,
23,2,2,0,list.conseq,bushfires,list.conseq.comment,no,4,1,27,
23,2,2,0,list.conseq,declining animals in the ocean,list.conseq.comment,no,5,1,67,
23,2,2,0,list.conseq,,list.conseq.comment,no,6,1,-1,
24,2,2,0,list.conseq,eroison,list.conseq.comment,,1,1,21,
24,2,2,0,list.conseq,cyclones,list.conseq.comment,,2,1,2,
24,2,2,0,list.conseq,rain,list.conseq.comment,,3,1,24,
25,1,1,0,list.conseq,Uninhabitable earth,list.conseq.comment,No,1,1,25,
26,2,2,0,list.conseq,i dont know,list.conseq.comment,,1,1,0,
27,1,1,0,list.conseq,hurricane,list.conseq.comment,none,1,1,2,
27,1,1,0,list.conseq,floods,list.conseq.comment,none,2,1,28,
27,1,1,0,list.conseq,hot weather or cold weather,list.conseq.comment,none,3,1,13,
28,1,2,0,list.conseq,. Drought conditions affect plant growth,list.conseq.comment,no,1,1,"6,18",
28,1,2,0,list.conseq,. Crops have lower yields,list.conseq.comment,no,2,1,18,
28,1,2,0,list.conseq,. Animals lack enough feed,list.conseq.comment,no,3,1,67,
28,1,2,0,list.conseq,. Streams and rivers have reduced water for irrigation,list.conseq.comment,no,4,1,29,
28,1,2,0,list.conseq,. Dams dry up,list.conseq.comment,no,5,1,29,
28,1,2,0,list.conseq,. Food prices rise because of lower production,list.conseq.comment,no,6,1,8,
29,1,1,0,list.conseq,Most life could be damaged/destroyed,list.conseq.comment,"No, I feel it's pretty clear.",1,1,"11,18",
29,1,1,0,list.conseq,"The air could become dirty and polluted, a big issue for Asthmatics",list.conseq.comment,"No, I feel it's pretty clear.",2,1,16,
30,1,1,0,list.conseq,natural disasters,list.conseq.comment,,1,1,15,
30,1,1,0,list.conseq,lack of natural resources,list.conseq.comment,,2,1,30,
31,1,1,0,list.conseq,less water,list.conseq.comment,not sure,1,1,29,
31,1,1,0,list.conseq,hotter seasons,list.conseq.comment,not sure,2,1,22,
31,1,1,0,list.conseq,health problems,list.conseq.comment,not sure,3,1,5,
32,1,1,0,list.conseq,Rise of sea levels,list.conseq.comment,,1,1,17,
32,1,1,0,list.conseq,Less animals that depend on ice habitat,list.conseq.comment,,2,1,67,
33,1,1,0,list.conseq,unstable ecosystems,list.conseq.comment,,1,1,31,
34,1,3,0,list.conseq,"hot,flooding,rain,drought",list.conseq.comment,no,1,1,"22,28,32,6",
35,1,1,0,list.conseq,The temperatures in some locations will be too hot for people to live in,list.conseq.comment,,1,1,"22,9",Climate refuees seem to be the implication here
35,1,1,0,list.conseq,The increase in temperature will cause the ice in the arctic and arctic to melt causing flooding,list.conseq.comment,,2,1,"22,17,12,26,40",Opted for more mild interpretation of implications of 'coastal flooding'
36,2,3,0,list.conseq,Start of an ice age,list.conseq.comment,,1,1,33,
36,2,3,0,list.conseq,Melting of ice caps,list.conseq.comment,,2,1,17,
36,2,3,0,list.conseq,Rise in sea level,list.conseq.comment,,3,1,17,
37,2,2,0,list.conseq,the oceans may rise and islands could disappear,list.conseq.comment,I think that maybe because rainforests are being cleared that the supply of oxygen could be affected.,1,1,3,
37,2,2,0,list.conseq,some animals could become extinct,list.conseq.comment,I think that maybe because rainforests are being cleared that the supply of oxygen could be affected.,2,1,11,
37,2,2,0,list.conseq,oxygen cycle could possibly be affected,list.conseq.comment,I think that maybe because rainforests are being cleared that the supply of oxygen could be affected.,3,1,34,Determined by participants comments
38,1,1,0,list.conseq,More natural disasters,list.conseq.comment,,1,1,15,
38,1,1,0,list.conseq,Exponential rise in animal and plant extinctions,list.conseq.comment,,2,1,"11,18",
38,1,1,0,list.conseq,Even more heated political debates,list.conseq.comment,,3,1,35,
38,1,1,0,list.conseq,Running out of resources (such as coal energy) needed to support the population in some countries,list.conseq.comment,,4,1,30,
39,1,1,0,list.conseq,Grow more Trees and reduce usge of plastci,list.conseq.comment,None,1,1,"36,37",
40,1,2,0,list.conseq,Severe drought,list.conseq.comment,No,1,1,6,
40,1,2,0,list.conseq,Oceans may rise and take out homes/some small islands,list.conseq.comment,No,2,1,"26,3,40",
40,1,2,0,list.conseq,Poorer countries hit hardest as richer countries can buy supplies etc,list.conseq.comment,No,3,1,38,
41,1,1,0,list.conseq,IDK,list.conseq.comment,OMG,1,1,0,
42,1,2,0,list.conseq,snow melting,list.conseq.comment,not sure,1,1,39,
42,1,2,0,list.conseq,higher heat,list.conseq.comment,not sure,2,1,22,
43,1,1,0,list.conseq,Increase of temperature,list.conseq.comment,no,1,1,22,
43,1,1,0,list.conseq,Increase in natural disasters,list.conseq.comment,no,2,1,15,
43,1,1,0,list.conseq,change to coastlines,list.conseq.comment,no,3,1,40,
44,2,2,0,list.conseq,sea rises,list.conseq.comment,,1,1,17,
44,2,2,0,list.conseq,temperature rises,list.conseq.comment,,2,1,22,
44,2,2,0,list.conseq,more co2,list.conseq.comment,,3,1,41,
44,2,2,0,list.conseq,population dieoff,list.conseq.comment,,4,1,25,
45,2,3,0,list.conseq,"a very slight rise in temperature ,03 of a degree if that",list.conseq.comment,we can only speculate what will happen,1,1,22,
45,2,3,0,list.conseq,lowering of the temperature,list.conseq.comment,we can only speculate what will happen,2,1,42,
45,2,3,0,list.conseq,no rise of temperature,list.conseq.comment,we can only speculate what will happen,3,1,43,
46,1,2,0,list.conseq,global temperature drops,list.conseq.comment,"planet will warm due to warming activity, causing icecaps to melt which will result in temperature changes (drops) and may lead to next ice age",1,1,42,
46,1,2,0,list.conseq,ice age,list.conseq.comment,"planet will warm due to warming activity, causing icecaps to melt which will result in temperature changes (drops) and may lead to next ice age",2,1,33,
47,1,1,0,list.conseq,atmosphere gets warmer,list.conseq.comment,,1,1,22,
47,1,1,0,list.conseq,melanomers rise,list.conseq.comment,,2,1,5,
47,1,1,0,list.conseq,"less fresh water, crops and animals die",list.conseq.comment,,3,1,"29,8,11",
48,1,1,0,list.conseq,Fires,list.conseq.comment,,1,1,27,
48,1,1,0,list.conseq,No Water,list.conseq.comment,,2,1,29,
48,1,1,0,list.conseq,Flooding,list.conseq.comment,,3,1,28,
49,2,1,0,list.conseq,Ice keeps melting and sea levels change causing flooding of coastal regions with cities being wiped out,list.conseq.comment,,1,1,"12,17,26,40",
49,2,1,0,list.conseq,Animals becoming extinct i.e. polar bears,list.conseq.comment,,2,1,11,
49,2,1,0,list.conseq,More dessert like land,list.conseq.comment,,3,1,45,
50,1,1,0,list.conseq,flood,list.conseq.comment,,1,1,28,
50,1,1,0,list.conseq,extreme weather,list.conseq.comment,,2,1,46,
50,1,1,0,list.conseq,less food,list.conseq.comment,,3,1,8,
52,1,1,0,list.conseq,an increase in damaging storms,list.conseq.comment,these were forecast and are starting to happen,1,1,2,
52,1,1,0,list.conseq,longer droughts,list.conseq.comment,these were forecast and are starting to happen,2,1,6,
52,1,1,0,list.conseq,rising sea levels,list.conseq.comment,these were forecast and are starting to happen,3,1,17,
52,1,1,0,list.conseq,the oceans becoming more acidic,list.conseq.comment,these were forecast and are starting to happen,4,1,47,
52,1,1,0,list.conseq,the extiniction of species,list.conseq.comment,these were forecast and are starting to happen,5,1,11,
53,1,2,0,list.conseq,short of food,list.conseq.comment,none,1,1,8,
53,1,2,0,list.conseq,forest gone,list.conseq.comment,none,2,1,18,
53,1,2,0,list.conseq,trees,list.conseq.comment,none,3,1,18,"Interpreted this as destruction of trees, given the response of 'forest gone'"
54,1,1,0,list.conseq,sea levels rising,list.conseq.comment,no comments,1,1,17,
54,1,1,0,list.conseq,more frequent and more extreme weather events,list.conseq.comment,no comments,2,1,46,
54,1,1,0,list.conseq,extinction,list.conseq.comment,no comments,3,1,11,
55,1,1,0,list.conseq,temp rises,list.conseq.comment,,1,1,22,
55,1,1,0,list.conseq,crops fail,list.conseq.comment,,2,1,8,
55,1,1,0,list.conseq,sea level rises / polar caps melt,list.conseq.comment,,3,1,"12,17",
56,1,1,0,list.conseq,the heat around the earth will increase and melt all the ice flooding the earth,list.conseq.comment,,1,1,"22,12,17,26,3,40","Wasn't sure of 'flooding' severity, encompassed it within existing items"
57,1,1,0,list.conseq,higher seas,list.conseq.comment,"higher seas
storms
cyclones",1,1,17,
57,1,1,0,list.conseq,storms,list.conseq.comment,"higher seas
storms
cyclones",2,1,2,
57,1,1,0,list.conseq,cyclones,list.conseq.comment,"higher seas
storms
cyclones",3,1,2,
58,1,1,0,list.conseq,High seas,list.conseq.comment,no,1,1,17,
58,1,1,0,list.conseq,hotter days,list.conseq.comment,no,2,1,22,
58,1,1,0,list.conseq,more storms,list.conseq.comment,no,3,1,2,
59,1,2,0,list.conseq,"Quite possibly another global ice age which will last for generations and results in the death of billions of people, and possibly the extinction of many species including human beings.",list.conseq.comment,none,1,1,"33,11,25",
60,2,2,0,list.conseq,drough,list.conseq.comment,no,1,1,6,
60,2,2,0,list.conseq,flood,list.conseq.comment,no,2,1,28,
60,2,2,0,list.conseq,erosion,list.conseq.comment,no,3,1,21,
61,2,3,0,list.conseq,crops will fail,list.conseq.comment,no,1,1,8,
61,2,3,0,list.conseq,poles will melt,list.conseq.comment,no,2,1,12,
61,2,3,0,list.conseq,oceans will lift flooding a large potion of the planet,list.conseq.comment,no,3,1,"17,3,26,40",
62,1,1,0,list.conseq,droughts,list.conseq.comment,,1,1,6,
62,1,1,0,list.conseq,extreme cold weather,list.conseq.comment,,2,1,49,
63,1,1,0,list.conseq,large number of cows,list.conseq.comment,na,1,1,48,
64,1,1,0,list.conseq,Ocean sea levels rise,list.conseq.comment,,1,1,17,
64,1,1,0,list.conseq,Increasing climate extremes eg Drought,list.conseq.comment,,2,1,"46,6",
64,1,1,0,list.conseq,Loss of animal habitats,list.conseq.comment,,3,1,50,
65,1,1,0,list.conseq,The weather will get warmer,list.conseq.comment,,1,1,22,
65,1,1,0,list.conseq,Vegetation will cease to exist,list.conseq.comment,,2,1,18,
65,1,1,0,list.conseq,More Greenhouse emissions,list.conseq.comment,,3,1,51,
66,1,1,0,list.conseq,"more violent weather like cyclones,tornado's,droughts,fires and earthquakes.",list.conseq.comment,,1,1,"15,2,6,52",
66,1,1,0,list.conseq,shrinking of the ice and rising tides in the arctic regions.,list.conseq.comment,,2,1,"12,17",
67,1,1,0,list.conseq,sea level rises,list.conseq.comment,none,1,1,17,
67,1,1,0,list.conseq,changes in rainfall,list.conseq.comment,none,2,1,53,
67,1,1,0,list.conseq,biodiversity loses,list.conseq.comment,none,3,1,"18,11",
68,1,3,0,list.conseq,If humans leave it alone very little will happen to change it.,list.conseq.comment,Back of with climate change rubbish,1,1,54,
68,1,3,0,list.conseq,If man interferes all what happen is the politicians will screw the world up. It is a money grabbing thing to make the assumption that we are causing it to the level we are being accused of.,list.conseq.comment,Back of with climate change rubbish,2,1,55,
69,2,2,0,list.conseq,IDK,list.conseq.comment,"IDK
",1,1,0,
69,2,2,0,list.conseq,IDK,list.conseq.comment,"IDK
",2,1,0,
69,2,2,0,list.conseq,IDK,list.conseq.comment,"IDK
",3,1,0,
70,1,2,0,list.conseq,trees die,list.conseq.comment,bad,1,1,18,
71,1,1,0,list.conseq,increase in the average global temperature,list.conseq.comment,pretty much we might be looking at an extinction level event and noone cares,1,1,22,
71,1,1,0,list.conseq,ocean level rises and seafood dieoffs,list.conseq.comment,pretty much we might be looking at an extinction level event and noone cares,2,1,"67,17",
71,1,1,0,list.conseq,"erratic weather patterns leading to droughts, floods, storms",list.conseq.comment,pretty much we might be looking at an extinction level event and noone cares,3,1,"20,28,2,6",
72,1,1,0,list.conseq,world getting hotter,list.conseq.comment,,1,1,22,
73,2,2,0,list.conseq,"I will not be here to know in 2050, long dead!!!!!",list.conseq.comment,,1,1,0,
73,2,2,0,list.conseq,"The Earth will decide what is and will happen, not you or I!!!!!!!",list.conseq.comment,,2,1,0,
74,1,1,0,list.conseq,Increase or decrease in temperatures,list.conseq.comment,,1,1,"22,42",
74,1,1,0,list.conseq,Change in seasons,list.conseq.comment,,2,1,56,
74,1,1,0,list.conseq,Change in climate areas (tropical to desert),list.conseq.comment,,3,1,45,
74,1,1,0,list.conseq,"Increased intensity of droughts, floods, storms, cold snaps, heat waves",list.conseq.comment,,4,1,"2,6,28,23,57",
74,1,1,0,list.conseq,Traditional food production systems will not produce enough food,list.conseq.comment,,5,1,8,
74,1,1,0,list.conseq,Water shortages and decreased quality of available water,list.conseq.comment,,6,1,"58,29",
74,1,1,0,list.conseq,Potentially increased sea levels,list.conseq.comment,,7,1,17,
75,1,1,0,list.conseq,ice melting in antarctica > flood / rising sea,list.conseq.comment,,1,1,"12,17",
76,1,1,0,list.conseq,higher seas,list.conseq.comment,we are killing the planet,1,1,17,
76,1,1,0,list.conseq,more natural disasters,list.conseq.comment,we are killing the planet,2,1,15,
76,1,1,0,list.conseq,less food,list.conseq.comment,we are killing the planet,3,1,8,
77,1,2,0,list.conseq,Lose animal species,list.conseq.comment,No further comments.,1,1,11,
77,1,2,0,list.conseq,grow accustomed to warmer weather,list.conseq.comment,No further comments.,2,1,"22,59",
77,1,2,0,list.conseq,water rises in the ocean,list.conseq.comment,No further comments.,3,1,17,
78,1,2,0,list.conseq,Our great barrier reef could start to disappear.,list.conseq.comment,No I am not sure of what the solutions are = money alone is not going to fix it,1,1,14,
78,1,2,0,list.conseq,More fires and floods,list.conseq.comment,No I am not sure of what the solutions are = money alone is not going to fix it,2,1,"27,28",
79,1,2,0,list.conseq,drought,list.conseq.comment,no,1,1,6,
79,1,2,0,list.conseq,water shortage,list.conseq.comment,no,2,1,29,
79,1,2,0,list.conseq,extreme heat,list.conseq.comment,no,3,1,22,
80,2,1,0,list.conseq,Polar Ice melting,list.conseq.comment,,1,1,17,
80,2,1,0,list.conseq,Hotter Summers,list.conseq.comment,,2,1,22,
80,2,1,0,list.conseq,Animals and Plants negatively affected by the warmer conditions,list.conseq.comment,,3,1,"11,18",
82,2,2,0,list.conseq,burning of coal,list.conseq.comment,,1,1,61,
82,2,2,0,list.conseq,"pollution, plastic's in ocean, litter in sea",list.conseq.comment,,2,1,"65,66",
83,2,3,0,list.conseq,egg would cook in the sun,list.conseq.comment,no,1,1,22,
84,2,2,0,list.conseq,we will heat up and have wamer tempertors,list.conseq.comment,every one tell us this but I am not convinced,1,1,22,
85,1,1,0,list.conseq,increase of temperature,list.conseq.comment,,1,1,22,
85,1,1,0,list.conseq,destruction of ecosystems,list.conseq.comment,,2,1,"18,11",
85,1,1,0,list.conseq,impact to flora and fauna,list.conseq.comment,,3,1,"18,11",
86,1,1,0,list.conseq,loss of flora and fauna,list.conseq.comment,,1,1,"18,11",
86,1,1,0,list.conseq,rise in climate temperatures,list.conseq.comment,,2,1,22,
86,1,1,0,list.conseq,loss of ecosystems,list.conseq.comment,,3,1,"18,11",
87,1,1,0,list.conseq,water level rising,list.conseq.comment,No extra comments,1,1,17,
87,1,1,0,list.conseq,temperature gets warmer,list.conseq.comment,No extra comments,2,1,22,
88,1,1,0,list.conseq,reduced fish in the ocean,list.conseq.comment,none,1,1,67,
88,1,1,0,list.conseq,extinction of cold climate animals such as polar bears,list.conseq.comment,none,2,1,11,
88,1,1,0,list.conseq,increased maximum temperatures,list.conseq.comment,none,3,1,22,
89,1,1,0,list.conseq,flooding,list.conseq.comment,No,1,1,28,
89,1,1,0,list.conseq,fires,list.conseq.comment,No,2,1,27,
89,1,1,0,list.conseq,drought,list.conseq.comment,No,3,1,6,
90,1,1,0,list.conseq,end of life on earth,list.conseq.comment,,1,1,25,
1,3,3,0,list.conseq,Nothing i can see happening,list.conseq.comment,"We were told by Tim Flannery and the climate council that islands would be gone due to rising sea levels, that has not happened
Tim Flannery said it was no use building dams as it would not rain (we have had record floods )
The Great Barrier Reef would die ( It is a natural phenomina that refreshes the reef and produce new coral)",1,0,-1,
10,3,2,0,list.conseq,they create more work/ jobs for themself to justify this claim,list.conseq.comment,"research needs money, who is paying for all this??",1,0,-1,
10,3,2,0,list.conseq,they can then demand to be paid to monitor the process,list.conseq.comment,"research needs money, who is paying for all this??",2,0,-1,
10,3,2,0,list.conseq,it boosts their ego,list.conseq.comment,"research needs money, who is paying for all this??",3,0,-1,
18,3,1,0,list.conseq,Beaches washed away and housing along beaches collapsing,list.conseq.comment,,1,0,-1,
18,3,1,0,list.conseq,Massive tides causing untold damage.,list.conseq.comment,,2,0,-1,
18,3,1,0,list.conseq,"Total change in climates, extreme HOTS and COLDS",list.conseq.comment,,3,0,-1,
18,3,1,0,list.conseq,Atmosphere polluting factories closed if unable too greatly reduce carbon emissions.,list.conseq.comment,,4,0,-1,
18,3,1,0,list.conseq,Unemployment rising because of.,list.conseq.comment,,5,0,-1,
18,3,1,0,list.conseq,Change too type of international/local transportation,list.conseq.comment,,6,0,-1,
13,2,1,1,list.conseq,hjfjhfh,list.conseq.comment,hfhf,1,1,-1,
51,1,1,1,list.conseq,ujyhgf,list.conseq.comment,ujyhtgfr,1,1,-1,
81,1,1,1,list.conseq,Green,list.conseq.comment,Nothing much,1,1,-1,
81,1,1,1,list.conseq,House,list.conseq.comment,Nothing much,2,1,-1,
81,1,1,1,list.conseq,Effect,list.conseq.comment,Nothing much,3,1,-1,
2,1,1,0,list.mitig,stop greenhouse gas emissions,list.mitig.comment,,1,1,12,
2,1,1,0,list.mitig,stop over development,list.mitig.comment,,2,1,13,
2,1,1,0,list.mitig,plant more trees,list.mitig.comment,,3,1,11,
3,1,1,0,list.mitig,phase out industrial pollution,list.mitig.comment,no,1,1,14,
3,1,1,0,list.mitig,stop use of wood and coal fire in mainly developing countries,list.mitig.comment,no,2,1,15,
3,1,1,0,list.mitig,,list.mitig.comment,no,3,1,-1,
4,1,1,0,list.mitig,stop and correct pollution,list.mitig.comment,,1,1,"14,22",
4,1,1,0,list.mitig,stop using fossil fuels,list.mitig.comment,,2,1,12,
4,1,1,0,list.mitig,reforest the earth,list.mitig.comment,,3,1,11,
5,2,2,0,list.mitig,do not know,list.mitig.comment,do not know,1,1,0,
6,1,1,0,list.mitig,we could all become vegetarians,list.mitig.comment,na,1,1,16,
7,1,1,0,list.mitig,change from fossil fuels to clean energy,list.mitig.comment,,1,1,17,
8,1,1,0,list.mitig,Renewable Energy,list.mitig.comment,,1,1,17,
8,1,1,0,list.mitig,reducing emissions,list.mitig.comment,,2,1,12,
8,1,1,0,list.mitig,Land care,list.mitig.comment,,3,1,18,
8,1,1,0,list.mitig,Reducing waste,list.mitig.comment,,4,1,14,
11,1,1,0,list.mitig,reduce carbon emissions,list.mitig.comment,,1,1,12,
12,1,1,0,list.mitig,Quota on travel (car/plane),list.mitig.comment,Climate change will increase the difference between have/have nots. It already is - why should people who can afford electric cars not be liable for roads etc when a poorer person has to have a petrol car and gets hit with extreme petrol/tax costs. My view this is a reason why lower income people believe climate change is a scam as they/we are always hit with the cost. electricity price goes up - wealthy people put solar on - poorer people cant.,1,1,"19,32",
12,1,1,0,list.mitig,Equality for minimization of electric cars/smart homes,list.mitig.comment,Climate change will increase the difference between have/have nots. It already is - why should people who can afford electric cars not be liable for roads etc when a poorer person has to have a petrol car and gets hit with extreme petrol/tax costs. My view this is a reason why lower income people believe climate change is a scam as they/we are always hit with the cost. electricity price goes up - wealthy people put solar on - poorer people cant.,2,1,20,
12,1,1,0,list.mitig,Better base for coal/wind/wave etc,list.mitig.comment,Climate change will increase the difference between have/have nots. It already is - why should people who can afford electric cars not be liable for roads etc when a poorer person has to have a petrol car and gets hit with extreme petrol/tax costs. My view this is a reason why lower income people believe climate change is a scam as they/we are always hit with the cost. electricity price goes up - wealthy people put solar on - poorer people cant.,3,1,1,
12,1,1,0,list.mitig,Consider all views not just extreme left,list.mitig.comment,Climate change will increase the difference between have/have nots. It already is - why should people who can afford electric cars not be liable for roads etc when a poorer person has to have a petrol car and gets hit with extreme petrol/tax costs. My view this is a reason why lower income people believe climate change is a scam as they/we are always hit with the cost. electricity price goes up - wealthy people put solar on - poorer people cant.,4,1,-1,
14,1,1,0,list.mitig,reduce carbon emissions,list.mitig.comment,nah,1,1,12,
15,2,2,0,list.mitig,do not know,list.mitig.comment,do not know,1,1,0,
16,1,1,0,list.mitig,stop cutting down forests,list.mitig.comment,no,1,1,21,
16,1,1,0,list.mitig,stop using fossil fuels,list.mitig.comment,no,2,1,12,
16,1,1,0,list.mitig,undertake massive tree plantings and reforestations,list.mitig.comment,no,3,1,11,
16,1,1,0,list.mitig,stop polluting the earth and clean up what we've done,list.mitig.comment,no,4,1,"14,22",
17,1,1,0,list.mitig,limit CO2 emissions from power stations and other industrial complexes,list.mitig.comment,No,1,1,12,
17,1,1,0,list.mitig,more tree planting,list.mitig.comment,No,2,1,11,
17,1,1,0,list.mitig,stop using fossil fuels,list.mitig.comment,No,3,1,12,
17,1,1,0,list.mitig,,list.mitig.comment,No,4,1,-1,
19,2,1,0,list.mitig,idk,list.mitig.comment,nah,1,1,0,
19,2,1,0,list.mitig,idk,list.mitig.comment,nah,2,1,0,
19,2,1,0,list.mitig,idk,list.mitig.comment,nah,3,1,0,
20,2,1,0,list.mitig,reduce consumption,list.mitig.comment,,1,1,4,
21,1,1,0,list.mitig,Recycle,list.mitig.comment,,1,1,24,
21,1,1,0,list.mitig,Enable the production of more renewable energy,list.mitig.comment,,2,1,1,
21,1,1,0,list.mitig,Reduce waste,list.mitig.comment,,3,1,14,
21,1,1,0,list.mitig,Use bio-degradable products,list.mitig.comment,,4,1,25,
21,1,1,0,list.mitig,Eat less meat,list.mitig.comment,,5,1,16,
22,1,2,0,list.mitig,encourage the worlds major polluters to cut their use of fires daily,list.mitig.comment,no,1,1,15,
22,1,2,0,list.mitig,major polluters must cut industrial emmisions....eg  China,list.mitig.comment,no,2,1,14,
23,2,2,0,list.mitig,stop burning fossil fuels,list.mitig.comment,no,1,1,12,
23,2,2,0,list.mitig,stop cutting down trees,list.mitig.comment,no,2,1,21,
23,2,2,0,list.mitig,using renewable energy,list.mitig.comment,no,3,1,17,
24,2,2,0,list.mitig,government,list.mitig.comment,,1,1,26,
25,1,1,0,list.mitig,Stop using fossil fuel.,list.mitig.comment,No,1,1,12,
25,1,1,0,list.mitig,Stop using anything disposable.,list.mitig.comment,No,2,1,51,
26,2,2,0,list.mitig,use less water,list.mitig.comment,,1,1,27,
27,1,1,0,list.mitig,reduce plastic usage,list.mitig.comment,none,1,1,28,
27,1,1,0,list.mitig,reduce cutting trees,list.mitig.comment,none,2,1,21,
27,1,1,0,list.mitig,reduce mining,list.mitig.comment,none,3,1,29,
28,1,2,0,list.mitig,. Reduce the burning of fossil fuels such as coal,list.mitig.comment,,1,1,12,
28,1,2,0,list.mitig,. Produce electricity by using solar panels and wind turbines,list.mitig.comment,,2,1,17,
29,1,1,0,list.mitig,"Maybe use their microwave a bit less, or put things like the fire out earlier.",list.mitig.comment,"No, I believe it's clear.",1,1,"4,31",
29,1,1,0,list.mitig,Use less electricity to dis-encourage the manufacturers to use fossil fuelled energy.,list.mitig.comment,"No, I believe it's clear.",2,1,4,
30,1,1,0,list.mitig,recycle,list.mitig.comment,,1,1,24,
30,1,1,0,list.mitig,reduce energy usage,list.mitig.comment,,2,1,4,
31,1,1,0,list.mitig,drive less,list.mitig.comment,not sure,1,1,32,
31,1,1,0,list.mitig,use green energy,list.mitig.comment,not sure,2,1,17,
31,1,1,0,list.mitig,eat less meat,list.mitig.comment,not sure,3,1,16,
32,1,1,0,list.mitig,'- Renewable resources,list.mitig.comment,,1,1,17,
32,1,1,0,list.mitig,- Carbon tax,list.mitig.comment,,2,1,3,
33,1,1,0,list.mitig,reduce their impact,list.mitig.comment,,1,1,33,
35,1,1,0,list.mitig,Have more renewable energy like wind farms and solar panels,list.mitig.comment,,1,1,17,
35,1,1,0,list.mitig,Have more electric vehicles,list.mitig.comment,,2,1,34,
37,2,2,0,list.mitig,we could limit the number of cars on the roads,list.mitig.comment,No,1,1,32,
37,2,2,0,list.mitig,we could continue to improve industry so that they do not put out as much of the gases into the atmosphere,list.mitig.comment,No,2,1,36,
37,2,2,0,list.mitig,we could take better care of our planet by keeping it cleaner,list.mitig.comment,No,3,1,22,
38,1,1,0,list.mitig,Support political parties that advocate policy changes to fight against climate change,list.mitig.comment,,1,1,37,
38,1,1,0,list.mitig,Educate children about the importance of sustaining natural ecosystems from a young age,list.mitig.comment,,2,1,38,
38,1,1,0,list.mitig,Make small lifestyle changes to reduce the amount of pollution emitted per household,list.mitig.comment,,3,1,4,
38,1,1,0,list.mitig,Campaigns to plant more trees,list.mitig.comment,,4,1,11,
38,1,1,0,list.mitig,Protests/movements to stop the use of non-sustainable energy,list.mitig.comment,,5,1,12,
38,1,1,0,list.mitig,Protests/movements to stop deforestation and save critically endangered animals and plants,list.mitig.comment,,6,1,21,
39,1,1,0,list.mitig,Grow more Trees,list.mitig.comment,None,1,1,11,
40,1,2,0,list.mitig,Stop overpopulation,list.mitig.comment,No,1,1,8,
40,1,2,0,list.mitig,use nuclear power,list.mitig.comment,No,2,1,9,
40,1,2,0,list.mitig,aim for renewable energy sources,list.mitig.comment,No,3,1,17,
42,1,2,0,list.mitig,more eco friendly industies,list.mitig.comment,not sure,1,1,36,
43,1,1,0,list.mitig,Support renewable energy,list.mitig.comment,no,1,1,1,
43,1,1,0,list.mitig,Reduce waste,list.mitig.comment,no,2,1,14,
43,1,1,0,list.mitig,plant more trees,list.mitig.comment,no,3,1,11,
44,2,2,0,list.mitig,limit human reproduction reduce population growth globally,list.mitig.comment,that is IF man is the responsible factor and climate change is occuring,1,1,8,
44,2,2,0,list.mitig,ban all non renewable energy production,list.mitig.comment,that is IF man is the responsible factor and climate change is occuring,2,1,12,
44,2,2,0,list.mitig,ban petro chemical cars,list.mitig.comment,that is IF man is the responsible factor and climate change is occuring,3,1,32,
44,2,2,0,list.mitig,re plant forrests,list.mitig.comment,that is IF man is the responsible factor and climate change is occuring,4,1,11,
46,1,2,0,list.mitig,cut emissions,list.mitig.comment,vegans should shut the hell up about everyone giving up meat as many vegan plant food take up more space and use up more resources (like water etc) than animals do.  Eating meat is natural (all animals do it and Man is an animal),1,1,12,
46,1,2,0,list.mitig,greener fuels,list.mitig.comment,vegans should shut the hell up about everyone giving up meat as many vegan plant food take up more space and use up more resources (like water etc) than animals do.  Eating meat is natural (all animals do it and Man is an animal),2,1,17,
46,1,2,0,list.mitig,green power,list.mitig.comment,vegans should shut the hell up about everyone giving up meat as many vegan plant food take up more space and use up more resources (like water etc) than animals do.  Eating meat is natural (all animals do it and Man is an animal),3,1,17,
46,1,2,0,list.mitig,reduce waste,list.mitig.comment,vegans should shut the hell up about everyone giving up meat as many vegan plant food take up more space and use up more resources (like water etc) than animals do.  Eating meat is natural (all animals do it and Man is an animal),4,1,14,
47,1,1,0,list.mitig,dont use/process/burn fosil fuels,list.mitig.comment,,1,1,12,
47,1,1,0,list.mitig,harness renueable energy sources,list.mitig.comment,,2,1,17,
47,1,1,0,list.mitig,wipe out half the worlds population,list.mitig.comment,,3,1,8,I will subsume this under 'limiting population growth'
48,1,1,0,list.mitig,Reduce Carbon,list.mitig.comment,,1,1,12,
48,1,1,0,list.mitig,Don't fly as much,list.mitig.comment,,2,1,19,
48,1,1,0,list.mitig,Clean up polution,list.mitig.comment,,3,1,22,
49,2,1,0,list.mitig,Reduce fossil fuel burning find other clean ways of making energy,list.mitig.comment,,1,1,"12,1",
49,2,1,0,list.mitig,Stop cutting down forests,list.mitig.comment,,2,1,21,
50,1,1,0,list.mitig,recycle,list.mitig.comment,,1,1,24,
50,1,1,0,list.mitig,no coal,list.mitig.comment,,2,1,12,
50,1,1,0,list.mitig,renewable energy,list.mitig.comment,,3,1,17,
52,1,1,0,list.mitig,use renewable power,list.mitig.comment,no,1,1,17,
52,1,1,0,list.mitig,stop using coal generated power,list.mitig.comment,no,2,1,12,
52,1,1,0,list.mitig,adopt reaforestation policies,list.mitig.comment,no,3,1,11,
52,1,1,0,list.mitig,use vehicles that do not rely on oil products for power,list.mitig.comment,no,4,1,34,"Classified this as 34, although most electricity in Australia is likely sourced from the burning of fossil fuels"
52,1,1,0,list.mitig,adopt new farming practices that are environmentally friendally,list.mitig.comment,no,5,1,40,
52,1,1,0,list.mitig,recycle water,list.mitig.comment,no,6,1,41,
53,1,2,0,list.mitig,reducing waste,list.mitig.comment,nothing,1,1,14,
53,1,2,0,list.mitig,electric cars,list.mitig.comment,nothing,2,1,34,
53,1,2,0,list.mitig,less cattle,list.mitig.comment,nothing,3,1,42,
54,1,1,0,list.mitig,reducing their carbon footprint,list.mitig.comment,no comments,1,1,4,
55,1,1,0,list.mitig,give up cars / petrol / gas burning,list.mitig.comment,,1,1,"12,32",
55,1,1,0,list.mitig,give up mining / manufacturing,list.mitig.comment,,2,1,"29,52",
55,1,1,0,list.mitig,find alternatives eg solar,list.mitig.comment,,3,1,17,
56,1,1,0,list.mitig,stop pollution,list.mitig.comment,,1,1,14,
57,1,1,0,list.mitig,less fuels,list.mitig.comment,"less fuels
go green
more sufficent",1,1,12,
57,1,1,0,list.mitig,go green,list.mitig.comment,"less fuels
go green
more sufficent",2,1,17,
57,1,1,0,list.mitig,more sufficent,list.mitig.comment,"less fuels
go green
more sufficent",3,1,4,Interpreted this as encouring a more 'self-sufficient' lifestyle
58,1,1,0,list.mitig,re cycle,list.mitig.comment,no,1,1,24,
58,1,1,0,list.mitig,stop using plastics,list.mitig.comment,no,2,1,28,
58,1,1,0,list.mitig,plant trees,list.mitig.comment,no,3,1,11,
59,1,2,0,list.mitig,"Raise the awareness of people around the world about it, and if possible reducing the amount of carbon dioxide produced into the air. producing more environmentally friendly products, factories, and vehicles.",list.mitig.comment,none,1,1,"43,12,36,6",
60,2,2,0,list.mitig,emit less exhaust fumes,list.mitig.comment,no,1,1,12,
60,2,2,0,list.mitig,contain population growth,list.mitig.comment,no,2,1,8,
60,2,2,0,list.mitig,control or eliminate fumes,list.mitig.comment,no,3,1,12,
62,1,1,0,list.mitig,plant more trees,list.mitig.comment,,1,1,11,
62,1,1,0,list.mitig,reduce usage of fuel,list.mitig.comment,,2,1,12,
63,1,1,0,list.mitig,burning coals,list.mitig.comment,na,1,1,15,
64,1,1,0,list.mitig,Move to renewable power,list.mitig.comment,,1,1,17,
64,1,1,0,list.mitig,reduce meat consumption from cattle,list.mitig.comment,,2,1,16,
64,1,1,0,list.mitig,reduce pollution,list.mitig.comment,,3,1,14,
64,1,1,0,list.mitig,drive electric cars,list.mitig.comment,,4,1,34,
65,1,1,0,list.mitig,Talk with your children about it.,list.mitig.comment,,1,1,38,
65,1,1,0,list.mitig,Reduce electricity,list.mitig.comment,,2,1,4,
65,1,1,0,list.mitig,Reduce car emissions,list.mitig.comment,,3,1,6,
65,1,1,0,list.mitig,Build strong communities,list.mitig.comment,,4,1,45,
66,1,1,0,list.mitig,"stop burning fossil fuels,change to solar or wind instead for power. drive either electric or duel-powered  vehicles.",list.mitig.comment,,1,1,"12,17,34",
67,1,1,0,list.mitig,reduce emissions,list.mitig.comment,,1,1,12,
67,1,1,0,list.mitig,increase tree cover,list.mitig.comment,,2,1,11,
67,1,1,0,list.mitig,change to more vegetarian diet,list.mitig.comment,,3,1,16,
69,2,2,0,list.mitig,DUNNO,list.mitig.comment,"DUNNO
",1,1,0,
69,2,2,0,list.mitig,DUNNO,list.mitig.comment,"DUNNO
",2,1,0,
69,2,2,0,list.mitig,DUNNO,list.mitig.comment,"DUNNO
",3,1,0,
70,1,2,0,list.mitig,not sure,list.mitig.comment,don't know,1,1,0,
71,1,1,0,list.mitig,carbon price,list.mitig.comment,"honestly idiots like our several most recent PM's and their corporate financiers are a cancer to society, so many people believe the utter nonsense they sprout. Money needs to come out of politics so we can actually do something about this",1,1,3,
71,1,1,0,list.mitig,stop voting in idiots to run the country,list.mitig.comment,"honestly idiots like our several most recent PM's and their corporate financiers are a cancer to society, so many people believe the utter nonsense they sprout. Money needs to come out of politics so we can actually do something about this",2,1,37,
71,1,1,0,list.mitig,use less resources,list.mitig.comment,"honestly idiots like our several most recent PM's and their corporate financiers are a cancer to society, so many people believe the utter nonsense they sprout. Money needs to come out of politics so we can actually do something about this",3,1,4,
72,1,1,0,list.mitig,less carbon dioxide emissions,list.mitig.comment,,1,1,12,
73,2,2,0,list.mitig,Reduce the world's population!,list.mitig.comment,,1,1,8,
73,2,2,0,list.mitig,Stop cutting down the forests!,list.mitig.comment,,2,1,21,
74,1,1,0,list.mitig,Educate the world. Scare tactics will only do so much.,list.mitig.comment,"We have to get a lot better at recycling. There is a lot of talk about recycling, but very little do
We have to re-use or breakdown what we have used. You cannot keep producing. You will run out.
Apart from the 10c plastic bottle refund, that we are paying for anyhow, there is no drive or incentive to re-use, re-purpose,re-design
This is one the biggest crises facing us, and we are not devoting any energy, resources or intellect towards solving this issue
We must elevate this. It is a key part of saving our world",1,1,43,
74,1,1,0,list.mitig,If people believe in the effort they will all contribute.,list.mitig.comment,"We have to get a lot better at recycling. There is a lot of talk about recycling, but very little do
We have to re-use or breakdown what we have used. You cannot keep producing. You will run out.
Apart from the 10c plastic bottle refund, that we are paying for anyhow, there is no drive or incentive to re-use, re-purpose,re-design
This is one the biggest crises facing us, and we are not devoting any energy, resources or intellect towards solving this issue
We must elevate this. It is a key part of saving our world",2,1,46,
74,1,1,0,list.mitig,Consumerism and greed are our biggest problems,list.mitig.comment,"We have to get a lot better at recycling. There is a lot of talk about recycling, but very little do
We have to re-use or breakdown what we have used. You cannot keep producing. You will run out.
Apart from the 10c plastic bottle refund, that we are paying for anyhow, there is no drive or incentive to re-use, re-purpose,re-design
This is one the biggest crises facing us, and we are not devoting any energy, resources or intellect towards solving this issue
We must elevate this. It is a key part of saving our world",3,1,4,
74,1,1,0,list.mitig,Reduce pollution with severe penalties for polluters,list.mitig.comment,"We have to get a lot better at recycling. There is a lot of talk about recycling, but very little do
We have to re-use or breakdown what we have used. You cannot keep producing. You will run out.
Apart from the 10c plastic bottle refund, that we are paying for anyhow, there is no drive or incentive to re-use, re-purpose,re-design
This is one the biggest crises facing us, and we are not devoting any energy, resources or intellect towards solving this issue
We must elevate this. It is a key part of saving our world",4,1,14,
74,1,1,0,list.mitig,Recycle,list.mitig.comment,"We have to get a lot better at recycling. There is a lot of talk about recycling, but very little do
We have to re-use or breakdown what we have used. You cannot keep producing. You will run out.
Apart from the 10c plastic bottle refund, that we are paying for anyhow, there is no drive or incentive to re-use, re-purpose,re-design
This is one the biggest crises facing us, and we are not devoting any energy, resources or intellect towards solving this issue
We must elevate this. It is a key part of saving our world",5,1,24,
74,1,1,0,list.mitig,"Use natural resources to generate electricity (Sun, Wind, Ocean)",list.mitig.comment,"We have to get a lot better at recycling. There is a lot of talk about recycling, but very little do
We have to re-use or breakdown what we have used. You cannot keep producing. You will run out.
Apart from the 10c plastic bottle refund, that we are paying for anyhow, there is no drive or incentive to re-use, re-purpose,re-design
This is one the biggest crises facing us, and we are not devoting any energy, resources or intellect towards solving this issue
We must elevate this. It is a key part of saving our world",6,1,17,
74,1,1,0,list.mitig,Create new fuel sources to power the world's transport systems. From cars to planes,list.mitig.comment,"We have to get a lot better at recycling. There is a lot of talk about recycling, but very little do
We have to re-use or breakdown what we have used. You cannot keep producing. You will run out.
Apart from the 10c plastic bottle refund, that we are paying for anyhow, there is no drive or incentive to re-use, re-purpose,re-design
This is one the biggest crises facing us, and we are not devoting any energy, resources or intellect towards solving this issue
We must elevate this. It is a key part of saving our world",7,1,1,
74,1,1,0,list.mitig,Look into more efficient and sustainable food production systems,list.mitig.comment,"We have to get a lot better at recycling. There is a lot of talk about recycling, but very little do
We have to re-use or breakdown what we have used. You cannot keep producing. You will run out.
Apart from the 10c plastic bottle refund, that we are paying for anyhow, there is no drive or incentive to re-use, re-purpose,re-design
This is one the biggest crises facing us, and we are not devoting any energy, resources or intellect towards solving this issue
We must elevate this. It is a key part of saving our world",8,1,40,
74,1,1,0,list.mitig,"Have to start considering population control measures, as the world cannot sustain ever increasing numbers",list.mitig.comment,"We have to get a lot better at recycling. There is a lot of talk about recycling, but very little do
We have to re-use or breakdown what we have used. You cannot keep producing. You will run out.
Apart from the 10c plastic bottle refund, that we are paying for anyhow, there is no drive or incentive to re-use, re-purpose,re-design
This is one the biggest crises facing us, and we are not devoting any energy, resources or intellect towards solving this issue
We must elevate this. It is a key part of saving our world",9,1,8,
74,1,1,0,list.mitig,,list.mitig.comment,"We have to get a lot better at recycling. There is a lot of talk about recycling, but very little do
We have to re-use or breakdown what we have used. You cannot keep producing. You will run out.
Apart from the 10c plastic bottle refund, that we are paying for anyhow, there is no drive or incentive to re-use, re-purpose,re-design
This is one the biggest crises facing us, and we are not devoting any energy, resources or intellect towards solving this issue
We must elevate this. It is a key part of saving our world",10,1,-1,
74,1,1,0,list.mitig,,list.mitig.comment,"We have to get a lot better at recycling. There is a lot of talk about recycling, but very little do
We have to re-use or breakdown what we have used. You cannot keep producing. You will run out.
Apart from the 10c plastic bottle refund, that we are paying for anyhow, there is no drive or incentive to re-use, re-purpose,re-design
This is one the biggest crises facing us, and we are not devoting any energy, resources or intellect towards solving this issue
We must elevate this. It is a key part of saving our world",11,1,-1,
75,1,1,0,list.mitig,eco products,list.mitig.comment,,1,1,47,
76,1,1,0,list.mitig,use less cars,list.mitig.comment,,1,1,32,
76,1,1,0,list.mitig,less manufacturing,list.mitig.comment,,2,1,4,
76,1,1,0,list.mitig,eat more plants,list.mitig.comment,,3,1,16,
77,1,2,0,list.mitig,keep the planet clean,list.mitig.comment,I don't think that I need to clarify my comments,1,1,14,
77,1,2,0,list.mitig,reduce gas emissions,list.mitig.comment,I don't think that I need to clarify my comments,2,1,12,
77,1,2,0,list.mitig,drive less,list.mitig.comment,I don't think that I need to clarify my comments,3,1,32,
78,1,2,0,list.mitig,Use solar power - but hard for all to do this,list.mitig.comment,Not at present,1,1,17,
78,1,2,0,list.mitig,Buy electric cars?? or use car pooling,list.mitig.comment,Not at present,2,1,"34,48",
79,1,2,0,list.mitig,reduces gases,list.mitig.comment,,1,1,12,Interpreted gases to refer to 'greenhouse gases'
79,1,2,0,list.mitig,less power,list.mitig.comment,,2,1,4,
80,2,1,0,list.mitig,Limit CO2 emmisions,list.mitig.comment,,1,1,12,
80,2,1,0,list.mitig,Do not clear forests,list.mitig.comment,,2,1,21,
80,2,1,0,list.mitig,Limit Pollution,list.mitig.comment,,3,1,14,
82,2,2,0,list.mitig,"stop littering,",list.mitig.comment,,1,1,14,
82,2,2,0,list.mitig,stop burning coal,list.mitig.comment,,2,1,12,
84,2,2,0,list.mitig,I am person that does not keep up with all the worries of climate,list.mitig.comment,I quess I should follow more closely,1,1,0,
85,1,1,0,list.mitig,recycle,list.mitig.comment,,1,1,24,
85,1,1,0,list.mitig,use natural materials,list.mitig.comment,,2,1,47,
85,1,1,0,list.mitig,use of renewable energy,list.mitig.comment,,3,1,17,
86,1,1,0,list.mitig,use renewable energy,list.mitig.comment,,1,1,17,
86,1,1,0,list.mitig,switch to renewable energy,list.mitig.comment,,2,1,17,
86,1,1,0,list.mitig,protect ecosystems,list.mitig.comment,,3,1,18,
87,1,1,0,list.mitig,I'm,list.mitig.comment,no comments,1,1,0,
87,1,1,0,list.mitig,not,list.mitig.comment,no comments,2,1,0,
87,1,1,0,list.mitig,sure,list.mitig.comment,no comments,3,1,0,
88,1,1,0,list.mitig,drive less,list.mitig.comment,none,1,1,32,
88,1,1,0,list.mitig,eat less or no meat,list.mitig.comment,none,2,1,16,
89,1,1,0,list.mitig,stop Coal,list.mitig.comment,No,1,1,12,
89,1,1,0,list.mitig,reduce petrol cars,list.mitig.comment,No,2,1,32,
90,1,1,0,list.mitig,depopulate,list.mitig.comment,,1,1,8,
90,1,1,0,list.mitig,electric vehicles,list.mitig.comment,,2,1,34,
90,1,1,0,list.mitig,ban petrol/diesel engines of every kind,list.mitig.comment,,3,1,32,
90,1,1,0,list.mitig,increase all green energy to 100%,list.mitig.comment,,4,1,17,
90,1,1,0,list.mitig,tax manufacturs who violate laws,list.mitig.comment,,5,1,49,
90,1,1,0,list.mitig,incentivise manufacturers who reduce emissions,list.mitig.comment,,6,1,50,
1,3,3,0,list.mitig,It is now in my opinion just out of control with no definative evidence presented it is also a left driven claim supported by The Greens and spread by lecturers at Universities,list.mitig.comment,"Look closely at THE FACTS
Give me(us) the proof from the climate alarmists",1,0,-1,
9,2,3,0,list.mitig,there is nothing people can do,list.mitig.comment,none,1,0,-1,
10,3,2,0,list.mitig,stop using their car as petrol causes damage to teh environment,list.mitig.comment,energy conservation use this to justify selling new appliances,1,0,-1,
10,3,2,0,list.mitig,use public transport to be more fuel efficient,list.mitig.comment,energy conservation use this to justify selling new appliances,2,0,-1,
10,3,2,0,list.mitig,hosehold applicance that use less electricity,list.mitig.comment,energy conservation use this to justify selling new appliances,3,0,-1,
18,3,1,0,list.mitig,We can all reduce our waste,list.mitig.comment,,1,0,-1,
18,3,1,0,list.mitig,We can all reduce our pollution,list.mitig.comment,,2,0,-1,
18,3,1,0,list.mitig,Force Governments too change too clean energy,list.mitig.comment,,3,0,-1,
18,3,1,0,list.mitig,We could reduce the amount of travel by vehicle sharing,list.mitig.comment,,4,0,-1,
18,3,1,0,list.mitig,Get motor vehicle manufacturers to stop making petrol vehicles,list.mitig.comment,,5,0,-1,
18,3,1,0,list.mitig,"Run much better public transport systems and more often services, 24hrs a day",list.mitig.comment,,6,0,-1,
18,3,1,0,list.mitig,Have mandatory sentencing (terms) for people polluting,list.mitig.comment,,7,0,-1,
18,3,1,0,list.mitig,Safer storage and disposal of chemical/nuclear waste,list.mitig.comment,,8,0,-1,
34,1,3,0,list.mitig,we can not stop stop,list.mitig.comment,no,1,0,-1,
36,2,3,0,list.mitig,You cannot change the earth cycles,list.mitig.comment,,1,0,-1,
36,2,3,0,list.mitig,Cannot change the sun cycles,list.mitig.comment,,2,0,-1,
36,2,3,0,list.mitig,it happens every 200 000 years roughly,list.mitig.comment,,3,0,-1,
45,2,3,0,list.mitig,"approximately 98% of carbon emission is naturally made, human kind only produces a very small percentage, so why are the governments pulling wool over our eyes?",list.mitig.comment,someone have the guts to tell the truth!,1,0,-1,
61,2,3,0,list.mitig,it is a natural condition society can slow the progress but not reverse it Nature will eventual will win,list.mitig.comment,no,1,0,-1,
68,1,3,0,list.mitig,Climate has changed naturally since the beginning and maybe very very little impact is from humans.,list.mitig.comment,Noe doubt they will have no trouble understanding my position,1,0,-1,
68,1,3,0,list.mitig,Particularly in Australia when we are being used as bunnys to do the work of all the countries like China and INdia  for no effect for Australia. Just to bankrupt us for literally zero,list.mitig.comment,Noe doubt they will have no trouble understanding my position,2,0,-1,
83,2,3,0,list.mitig,you cannot ask the sun to cool down,list.mitig.comment,no,1,0,-1,
13,2,1,1,list.mitig,hgjgghg,list.mitig.comment,hgghggh,1,1,-1,
41,1,1,1,list.mitig,BVAS,list.mitig.comment,MAG,1,1,-1,
51,1,1,1,list.mitig,kjuhygt,list.mitig.comment,",kmjnhbgv",1,1,-1,
81,1,1,1,list.mitig,Eating,list.mitig.comment,eat moree animals,1,1,-1,
81,1,1,1,list.mitig,more,list.mitig.comment,eat moree animals,2,1,-1,
81,1,1,1,list.mitig,animals,list.mitig.comment,eat moree animals,3,1,-1,
